Product ID;Product Title;Impressions;Clicks;CTR;Spend;Conversions;Conversion Value;ROAS;Custom Label 4
shopify_US_8259530850571_44403718783243;Safety Life Jacket, XS / Green;90;1;0,0111111111111111;0,51;0;0;0;turtle
shopify_US_8032140099851_44337452810507;Pelsbarn No-Pull Harness Walk Kit, XS / Beige;30;0;0;0;0;0;0;bird
shopify_US_8376583454987_44722387714315;Your Dog In A Christmas Ball, 4 pcs - SAVE 70%;1;0;0;0;0;0;0;bird
shopify_US_8363905483019_44686281343243;Pelsbarn Matching Hoodie, L / L;9;0;0;0;0;0;0;bird
shopify_US_8182314139915_44217911148811;Original Pelsbarn Calming Bed, Brown-Beige / XS/S;472;6;0,0127118644067797;21,8;0;0;0;turtle
shopify_DE_14871857594741_54883404513653;Hundetücher für saubere Pfoten;349;3;0,00859598853868195;2,61;0;0;0;turtle
shopify_NL_7371011489983_42011613429951;Luxe massage kam voor honden (tegen haaruitval);67805;94;0,00138632844185532;75,83798;1;0,000029;0;zombie
shopify_US_8296072118539_44497218568459;Pelsbarn Cooling Mat (4x more effective), XS / beige;1148;6;0,00522648083623693;7;0,333333;0,000025132624845;0;turtle
shopify_US_8315103084811_44542976131339;Woof-o-Ween: Chucky Pup-Style Costume (Get 1 FREE), Small;21;0;0;0;0;0;0;bird
shopify_US_8296087159051_44497250844939;Original Pelsbarn Bed + FREE calming blanket, XXS / Brown-Beige;5062;76;0,0150138285262742;193,517784;8,915206;0,001143187160357;0;zombie
shopify_US_8263720632587_44413476503819;Cactus Bed, Small / Brown;3362;37;0,0110053539559786;38,144491;2;0,000112465501932;0;zombie
shopify_US_8363905483019_44686281965835;Pelsbarn Matching Hoodie, 5XL / 2XL;7;0;0;0;0;0;0;bird
shopify_US_8259530850571_44403721765131;Safety Life Jacket, S / Blue;32;0;0;0;0;0;0;bird
shopify_US_8342826287371_44614355812619;Pelsbarn Dog Raincoat, Yellow / XL;34;0;0;0;0;0;0;bird
shopify_US_8301843808523_44510869782795;Never Walk Alone T-Shirt, Blue / X-Large;22;0;0;0;0;0;0;bird
shopify_US_8367956230411_44697001984267;Calming Relief Blanket, Poseidon / One Size;1353;6;0,00443458980044346;10,1;3;0,00009969426;0;turtle
shopify_US_8282453672203_44460563792139;Travel Diner Set, Grey;26;0;0;0;0;0;0;bird
shopify_US_8301843808523_44510869487883;Never Walk Alone T-Shirt, Pink / Medium;5;0;0;0;0;0;0;bird
shopify_US_8897655406859_46130726797579;Original Pelsbarn Calming Bed, Beige / XXS;1439;10;0,00694927032661571;33,297755;0,333333;0,000045601720797;0;zombie
shopify_US_8352956875019_44727984193803;Doggy Beauty Case (Gift Set), 2 pcs (SAVE 30%);140;1;0,00714285714285714;1,45;0;0;0;turtle
shopify_DE_8327134544136_44735412076808;Pelsbarn Autositz Beige / XL;3678;28;0,00761283306144644;35,33225;2;0,000248;0;zombie
shopify_US_8310314664203_45233553146123;Comfy Cuddle Car Bed Aussie, Black / M;2272;20;0,00880281690140845;29,4613;0;0;0;turtle
shopify_US_8259530850571_44403721601291;Safety Life Jacket, XL / Orange;1054;1;0,00094876660341556;0,880347;0;0;0;turtle
shopify_US_8310314664203_45233553113355;Comfy Cuddle Car Bed Aussie, Black / XS/S;8106;135;0,0166543301258327;170,838765;9,181868;0,000806753551218;0;zombie
shopify_NL_7371011260607_42264452956351;Halsband met led lamp voor veilige avondwandelingen, Zwart / M;470;1;0,00212765957446809;1,539873;0;0;0;turtle
shopify_US_8182314139915_44323690479883;Original Pelsbarn Calming Bed, Beige / XXS;8510;15;0,00176263219741481;67,49933;0;0;0;zombie
shopify_US_8332545753355_44587341709579;PurrEase Self-Grooming Brush, Large / Pink;372;9;0,0241935483870968;3,22667;0;0;0;turtle
shopify_US_8311921475851_44535017996555;Woof-o-Ween: Chucky Pup-Style Costume, Large;126;1;0,00793650793650794;0,29;0;0;0;turtle
shopify_US_8310314664203_44529056579851;Comfy Cuddle Car Bed Aussie, Beige / XL;1176;8;0,00680272108843537;34,247144;1,363733;0,000129490472994;0;zombie
shopify_US_8352956875019_44727984161035;Doggy Beauty Case (Gift Set), 1 piece;72;0;0;0;0;0;0;bird
shopify_US_8363905483019_44686281769227;Pelsbarn Matching Hoodie, M / 2XL;3;0;0;0;0;0;0;bird
shopify_US_8032140099851_44337452843275;Pelsbarn No-Pull Harness Walk Kit, S / Violet;285;1;0,00350877192982456;2,05;0;0;0;turtle
shopify_US_8259530850571_44403721535755;Safety Life Jacket, M / Orange;100;0;0;0;0;0;0;bird
shopify_US_8342826287371_44614355845387;Pelsbarn Dog Raincoat, Orange / XL;9;0;0;0;0;0;0;bird
shopify_US_8235420320011_44350334501131;Pelsbarn Protecting Car Bed, Beige / S;5183;10;0,0019293845263361;20,16102;2;0,0001887138;0;turtle
shopify_DE_8511722488072_45418319839496;Bezug für Pelsbarn Autositz *nur der Bezug* Schwarz / XL;1891;9;0,00475938656795346;14,728563;0;0;0;turtle
shopify_US_8296087159051_44497250746635;Original Pelsbarn Bed + FREE calming blanket, XXS / Beige;3992;36;0,00901803607214429;117,810106;2;0,000169699016472;0;zombie
shopify_US_8897657995531_46130738561291;Orthopedic Calming Dog Bed, L / Beige;93;0;0;0;0;0;0;bird
shopify_US_8262422429963_44410728153355;Pelsbarn Cooling Bed (4x more effective), XS/S / Light Blue;1834;9;0,00490730643402399;36,736935;1;0,000107682606239;0;zombie
shopify_US_8365618626827_44689439654155;Orthopedic Calming Dog Bed Aussie, L / Beige;53;0;0;0;0;0;0;bird
shopify_DE_9467759755528_49993970155784;NEU: Luxuriöses Cozy Pelsbarn Sofabett XS/S / Beige;19693;199;0,0101051134921038;317,900204;12,985985;0,00095843486;0;zombie
shopify_US_8306166399243_44552052343051;Cozy Plush Pelsbarn Cover, Beige / 27*27in;37;0;0;0;0;0;0;bird
shopify_DE_9554046484744_50347219714312;Luxuriöses Cozy Pelsbarn Sofabett + Luxuriöse Cozy Decke - Beige (Bundle) XS/S / Braun;3815;21;0,0055045871559633;20,944975;0;0;0;turtle
shopify_DE_9554046484744_50347219714312;Luxuriöses Cozy Pelsbarn Sofabett + Luxuriöse Cozy Decke (Bundle) XS/S / Braun;4771;22;0,0046111926220918;21,621845;0;0;0;turtle
shopify_US_8301818577163_44510805950731;Peace Love Dogs T-Shirt, White / Small;66;0;0;0;0;0;0;bird
shopify_US_8488146305291_45047596941579;Pelsbarn Comfy Protecting Car Bed, Beige / S;650;4;0,00615384615384615;6,587232;2;0,000254476990113;0;turtle
shopify_US_8032140099851_44431057322251;Pelsbarn No-Pull Harness Walk Kit, XL / Brown;5207;14;0,00268868830420588;21,056713;0;0;0;turtle
shopify_US_8363905483019_44686280687883;Pelsbarn Matching Hoodie, S / XL;27;0;0;0;0;0;0;bird
shopify_DE_9467759755528_49993970188552;NEU: Luxuriöses Cozy Pelsbarn Sofabett XS/S / Braun;11647;130;0,0111616725336997;252,171935;7;0,0005069;0;zombie
shopify_US_8235420320011_44528930685195;Pelsbarn Protecting Car Bed, Beige / M;1403;1;0,000712758374910905;1,320362;0;0;0;turtle
shopify_US_8258850947339_44445757997323;Pelsbarn Cooling Mat (4x more effective), XL / Beige;818;5;0,00611246943765281;5,036479;0;0;0;turtle
shopify_US_8315251491083_44543249187083;Pawfect Moments: A Forever Bond Pawprint Kit, Large / Black;1;0;0;0;0;0;0;bird
shopify_US_8363905483019_44686281933067;Pelsbarn Matching Hoodie, 4XL / 2XL;3;0;0;0;0;0;0;bird
shopify_US_8327098106123_44572069855499;Heavy-Duty Tactical Dog Collar, Large / Black;81;1;0,0123456790123457;0,32;0;0;0;turtle
shopify_US_8260917854475_44411452195083;Pelsbarn Cooling Car Bed, M / Beige;23691;298;0,0125786163522013;489,087869;7,700354;0,000795571683035;0;zombie
shopify_US_8453086413067_44948623458571;Orthopedic Calming Dog Bed, XL / Poseidon;652;4;0,00613496932515337;11,586714;0;0;0;turtle
shopify_US_8301843808523_44510869520651;Never Walk Alone T-Shirt, Blue / Medium;24;1;0,0416666666666667;0,35;0;0;0;turtle
shopify_US_8897655406859_46130727059723;Original Pelsbarn Calming Bed, Light Grey / XXS;4835;43;0,00889348500517063;87,064926;0;0;0;zombie
shopify_US_8453086413067_44948623425803;Orthopedic Calming Dog Bed, XL / Beige;133;0;0;0;0;0;0;bird
shopify_US_8297134948619_44564812366091;Orthopedic Calming Dog Bed, M / Beige;471;6;0,0127388535031847;16,376459;0;0;0;turtle
shopify_DE_8511722488072_45418329669896;Bezug für Pelsbarn Autositz *nur der Bezug* Anthrazit / M;245;1;0,00408163265306122;1,37;0;0;0;turtle
shopify_US_8305506779403_44518390857995;Pelsbarn Cooling Down Mat, S / light blue;96;0;0;0;0;0;0;bird
shopify_US_8897657995531_46130738430219;Orthopedic Calming Dog Bed, S / Beige;155;0;0;0;0;0;0;bird
shopify_DE_9554046484744_50347219681544;Luxuriöses Cozy Pelsbarn Sofabett + Luxuriöse Cozy Decke (Bundle) XS/S / Beige;728;5;0,00686813186813187;9,05;0;0;0;turtle
shopify_DE_9554046484744_50347219681544;Luxuriöses Cozy Pelsbarn Sofabett + Luxuriöse Cozy Decke - Beige (Bundle) XS/S / Beige;522;2;0,00383141762452107;3,15;0;0;0;turtle
shopify_US_8301843808523_44510869324043;Never Walk Alone T-Shirt, Grey / Small;3;0;0;0;0;0;0;bird
shopify_US_8259530850571_44403721437451;Safety Life Jacket, L / Pink;19;0;0;0;0;0;0;bird
shopify_US_8897655406859_46130727289099;Original Pelsbarn Calming Bed, Brown-Beige / XXL;369;3;0,00813008130081301;9,44;0;0;0;turtle
shopify_US_8898795077899_46136366924043;Pelsbarn No-Pull Harness Walk Kit, S / Violet;5;1;0,2;0,202678;0;0;0;turtle
shopify_DE_8515625910536_45427900023048;Bezug für Pelsbarn Beruhigungsbett *nur der Bezug* Anthrazit / M/L;136;3;0,0220588235294118;15,99;0;0;0;turtle
shopify_US_8898795077899_46136367218955;Pelsbarn No-Pull Harness Walk Kit, L / Black;41;1;0,024390243902439;0,57;0;0;0;turtle
shopify_US_8032140099851_44337453072651;Pelsbarn No-Pull Harness Walk Kit, L / Violet;4217;42;0,0099596869812663;66,157359;0;0;0;zombie
shopify_NL_8591844802891_46850798453067;Verhoogde Slow-Feeder & Anti-Knoei Drinkbak (2-in-1), Grijs;33567;332;0,00989066642833735;407,585429;21,314834;0,00087466806;0;zombie
shopify_US_8258850947339_44401876009227;Pelsbarn Cooling Mat (4x more effective), S / Light Blue;560;9;0,0160714285714286;13,108424;1;0,0000276399;0;turtle
shopify_US_8355661152523_44658210668811;Rotatable Catnip Ball, Green;379;2;0,00527704485488127;0,94;0;0;0;turtle
shopify_DE_8515625910536_45432248008968;Bezug für Pelsbarn Beruhigungsbett *nur der Bezug* Schwarz / XXS;1;0;0;0;0;0;0;bird
shopify_US_8488146305291_45233629593867;Pelsbarn Comfy Protecting Car Bed, Black / XL;1841;16;0,0086909288430201;59,473997;0,45;0,000057519432556;0;zombie
shopify_US_8259530850571_44403721797899;Safety Life Jacket, M / Blue;171;1;0,00584795321637427;0,12;0;0;0;turtle
shopify_DE_9525963227400_50230171664648;Pelsbarn Autositz (lander) Anthrazit / XL;24269;98;0,00403807326218633;222,689509;7,5;0,000915;0;zombie
shopify_US_8306166399243_44552052211979;Cozy Plush Pelsbarn Cover, Grey / 35*63in;1383;4;0,00289226319595083;3,14;0;0;0;turtle
shopify_US_8363905483019_44686281834763;Pelsbarn Matching Hoodie, XL / 2XL;9;0;0;0;0;0;0;bird
shopify_US_8332545753355_44587341414667;PurrEase Self-Grooming Brush, Large / Black;50;1;0,02;0,42;0;0;0;turtle
shopify_DE_9467759755528_49993970254088;NEU: Luxuriöses Cozy Pelsbarn Sofabett M/L / Beige;14882;37;0,00248622496976213;61,507065;0,5;0,0000345;0;zombie
shopify_US_8263720632587_44413473784075;Cactus Bed, Large / Gray;2886;16;0,00554400554400554;32,042824;0;0;0;zombie
shopify_US_8259530850571_44403721830667;Safety Life Jacket, L / Blue;136;1;0,00735294117647059;1,27;0;0;0;turtle
shopify_US_8258850947339_44445757899019;Pelsbarn Cooling Mat (4x more effective), S / Beige;390;0;0;0;0;0;0;bird
shopify_US_8306166399243_44520345207051;Cozy Plush Pelsbarn Cover, Grey / One Seat Set;818;6;0,00733496332518337;9,91;0;0;0;turtle
shopify_US_8898795077899_46136367317259;Pelsbarn No-Pull Harness Walk Kit, XL / Violet;447;2;0,00447427293064877;2,28;0;0;0;turtle
shopify_US_8297134948619_44603556692235;Orthopedic Calming Dog Bed, L / Poseidon;361;0;0;0;0;0;0;bird
shopify_US_8260917854475_44488141373707;Pelsbarn Cooling Car Bed, XL / Light Blue;3825;21;0,00549019607843137;65,84;0,25;0,00004592065987;0;zombie
shopify_US_8342826287371_44614355452171;Pelsbarn Dog Raincoat, Orange / S;3;0;0;0;0;0;0;bird
shopify_NL_7371011260607_42264452989119;Halsband met led lamp voor veilige avondwandelingen, Zwart / L;467;0;0;0,02969;0;0;0;turtle
shopify_DE_9407835209992_49779661799688;Pelsbarn Faltbare Wasserflasche Blau;5483;8;0,00145905526171804;3,772522;0;0;0;turtle
shopify_DE_9525963227400_50230171631880;Pelsbarn Autositz (lander) Anthrazit / M;6933;35;0,00504831963075148;56,80638;2;0,000148;0;zombie
shopify_US_8182119235851_54886256411007;Dog Safety Seat Belt with Elastic Bungee Buffer, dog-safety-belt-black;356;3;0,00842696629213483;2,1;0;0;0;turtle
shopify_US_8182119235851_54886256411007;Dog Safety Seat Belt with Elastic Bungee Buffer, Black;680;3;0,00441176470588235;2,466222;0;0;0;turtle
shopify_US_8301843808523_44510869422347;Never Walk Alone T-Shirt, White / Medium;9;0;0;0;0;0;0;bird
shopify_US_8296084046091_44497244750091;Heatrelief cooling dog bed 2.0, XS/S / Beige (almost sold out!);3490;25;0,00716332378223496;31,607601;0;0;0;zombie
shopify_NL_8356832477515_46474108502347;Veiligheidsgordel voor Honden met Elastische Bungee-Buffer;34822;139;0,00399172936649245;144,789423;5,985282;0,000609676204;0;zombie
shopify_US_8296087159051_44497250877707;Original Pelsbarn Bed + FREE calming blanket, XS/S / Beige;13265;136;0,0102525442894836;542,288916;10,992367;0,001056583330318;0;zombie
shopify_US_8363905483019_44686281539851;Pelsbarn Matching Hoodie, M / XL;865;0;0;0;0;0;0;bird
shopify_US_8488146305291_45047597007115;Pelsbarn Comfy Protecting Car Bed, Beige / XL;6920;36;0,00520231213872832;84,041903;2,2;0,000283940223261;0;zombie
shopify_US_8363905483019_44686281179403;Pelsbarn Matching Hoodie, 2XL / M;4;0;0;0;0;0;0;bird
shopify_US_8352688439563_44646691897611;Orthopedic Comfort Bed for joint support, L / Poseidon;1642;9;0,00548112058465286;15,495729;0;0;0;turtle
shopify_US_8263720632587_44413473554699;Cactus Bed, Medium / Green;2083;15;0,0072011521843495;24,841377;0;0;0;turtle
shopify_NL_7367796719807_46502986252619;Pelsbarn harnas wandel set (inclusief riem en poepzakjes drager), Violet / M;2934;9;0,00306748466257669;13,41225;0;0;0;turtle
shopify_US_8342826287371_44614355714315;Pelsbarn Dog Raincoat, Orange / L;3;0;0;0;0;0;0;bird
shopify_US_8301818577163_44510806409483;Peace Love Dogs T-Shirt, Yellow / Large;13;0;0;0;0;0;0;bird
shopify_US_8301843808523_44510869258507;Never Walk Alone T-Shirt, White / Small;2;0;0;0;0;0;0;bird
shopify_US_8305506779403_44518391087371;Pelsbarn Cooling Down Mat, XL / beige;898;1;0,00111358574610245;3,03;0;0;0;turtle
shopify_US_8363905483019_44686281638155;Pelsbarn Matching Hoodie, 2XL / XL;46;2;0,0434782608695652;2,411374;0;0;0;turtle
shopify_US_8378410467595_44728279793931;Dog paw protection balm (100% natural and vegan);1975;2;0,0010126582278481;0,46837;0;0;0;turtle
shopify_US_8352688439563_44646691799307;Orthopedic Comfort Bed for joint support, L / Beige;567;3;0,00529100529100529;6,22;0;0;0;turtle
shopify_US_8306166399243_44552052506891;Cozy Plush Pelsbarn Cover, Beige / 35*82in;655;1;0,00152671755725191;0,677901;0;0;0;turtle
shopify_DE_8515625910536_45427899924744;Bezug für Pelsbarn Beruhigungsbett *nur der Bezug* Beige / M/L;823;3;0,00364520048602673;2,93;0;0;0;turtle
shopify_US_8038351700235_43727578693899;NEW Upgraded Calming Pelsbarn Bed, M/L / Light grey;1724;2;0,00116009280742459;7,67;0;0;0;turtle
shopify_US_8306166399243_44520301199627;Cozy Plush Pelsbarn Cover, Beige / Two Seat Set;58;0;0;0;0;0;0;bird
shopify_US_8327098106123_44572070019339;Heavy-Duty Tactical Dog Collar, X-Large / Khaki;1916;18;0,00939457202505219;11,65345;0;0;0;turtle
shopify_US_8305506779403_44518391054603;Pelsbarn Cooling Down Mat, XL / light blue;1770;8;0,00451977401129944;26,94;2;0,0001315278;0;turtle
shopify_NL_7367796719807_46498828255563;Pelsbarn harnas wandel set (inclusief riem en poepzakjes drager), Zwart / XS;80804;240;0,00297014999257462;275,036482;4,699509;0,000441753846;0;zombie
shopify_DE_8515625910536_45432248074504;Bezug für Pelsbarn Beruhigungsbett *nur der Bezug* Anthrazit / XXS;872;1;0,00114678899082569;2,1;0;0;0;turtle
shopify_US_8032140099851_44337452876043;Pelsbarn No-Pull Harness Walk Kit, S / Black;52;0;0;0;0;0;0;bird
shopify_US_8305506779403_44518390989067;Pelsbarn Cooling Down Mat, L / light blue;688;3;0,00436046511627907;4,376778;0;0;0;turtle
shopify_DE_8327134544136_44735411978504;Pelsbarn Autositz Anthrazit / XL;3191;21;0,00658100908806017;24,674588;0;0;0;turtle
dog-blanket-brownbeige;Pelsbarn Beroligende Teppet, Brown-Beige By Pelsbarn;7117;39;0,00547983700997611;49,190336;1,89279;0,000105675656368;0;zombie
shopify_US_8342826287371_44614355157259;Pelsbarn Dog Raincoat, Yellow / XXS;7;0;0;0;0;0;0;bird
shopify_DE_9474209284360_50025389490440;NEU: Pelsbarn Rücksitzschutz Anthrazit / Einheitsgröße;33417;95;0,00284286441033007;174,339619;0,583333;0,000069171764867;0;zombie
shopify_DE_14895988703605_54975978275189;Luxuriöser Rücksitzschutz + Gratis Kuscheldecke Beige;9488;12;0,00126475548060708;18,596283;0;0;0;turtle
shopify_US_8032140099851_44431057420555;Pelsbarn No-Pull Harness Walk Kit, XL / Beige;4635;45;0,00970873786407767;66,797477;0;0;0;zombie
shopify_US_8038351700235_43727578530059;NEW Upgraded Calming Pelsbarn Bed, XS/S / Light grey;5592;7;0,00125178826895565;46,87;0;0;0;zombie
shopify_US_8296072118539_44497218732299;Pelsbarn Cooling Mat (4x more effective), L / light blue;1894;15;0,00791974656810982;35,32;0;0;0;zombie
shopify_NL_7367796719807_46498828353867;Pelsbarn harnas wandel set (inclusief riem en poepzakjes drager), Bruin / XS;40885;204;0,00498960498960499;207,972032;3,472324;0,000284175216;0;zombie
shopify_US_8342826287371_44614355747083;Pelsbarn Dog Raincoat, Blue / L;31;0;0;0;0;0;0;bird
shopify_US_8259530850571_44403721666827;Safety Life Jacket, M / Green;177;0;0;0;0;0;0;bird
shopify_US_8897657995531_46130738495755;Orthopedic Calming Dog Bed, M / Beige;427;2;0,00468384074941452;8,61;0;0;0;turtle
shopify_US_8259530850571_44403721502987;Safety Life Jacket, S / Orange;8;0;0;0;0;0;0;bird
shopify_US_8488146305291_45047596974347;Pelsbarn Comfy Protecting Car Bed, Beige / M;167;1;0,00598802395209581;14,82;0;0;0;turtle
shopify_US_8262422429963_45642844963083;Pelsbarn Cooling Bed (4x more effective), XL / Beige;1145;1;0,000873362445414847;2,47;0;0;0;turtle
shopify_US_8095219876107_44528926556427;Pelsbarn Protecting Car Bed, Beige / XL;96774;1367;0,0141256949180565;3412,840512;66,737423;0,009554149676215;0;zombie
shopify_NL_7367796719807_46498828321099;Pelsbarn harnas wandel set (inclusief riem en poepzakjes drager), Beige / XS;33851;226;0,00667631680009453;321,914135;6,771433;0,000636014702;0;zombie
shopify_US_8327098106123_44572069986571;Heavy-Duty Tactical Dog Collar, X-Large / Black;703;3;0,0042674253200569;2,5;0;0;0;turtle
shopify_US_8301818577163_44510806442251;Peace Love Dogs T-Shirt, White / X-Large;32;0;0;0;0;0;0;bird
shopify_US_8363905483019_44686281015563;Pelsbarn Matching Hoodie, 4XL / S;5;1;0,2;1,11;0;0;0;turtle
shopify_US_8252509847819_44388964303115;Luxurious Dog Car Bed, Khaki / Single Seat;798;6;0,0075187969924812;24,1;0;0;0;turtle
shopify_US_8329551085835_44988133245195;Pawprint Silicone Mold & Recipes, Pink & Blue;170;0;0;0;0;0;0;bird
shopify_US_8306166399243_44552052474123;Cozy Plush Pelsbarn Cover, Beige / 35*70in;6;0;0;0;0;0;0;bird
shopify_US_8315251491083_44543249219851;Pawfect Moments: A Forever Bond Pawprint Kit, Large / Brown;61;1;0,0163934426229508;0,68;0;0;0;turtle
shopify_US_8263720632587_44413473653003;Cactus Bed, Medium / Gray;1445;2;0,0013840830449827;0,77;0;0;0;turtle
shopify_US_8301818577163_44510806180107;Peace Love Dogs T-Shirt, Pink / Medium;59;0;0;0;0;0;0;bird
shopify_US_8032140099851_44337453007115;Pelsbarn No-Pull Harness Walk Kit, M / Beige;8622;88;0,0102064486198098;144,967293;0;0;0;zombie
shopify_US_8897657995531_46130738594059;Orthopedic Calming Dog Bed, L / Poseidon;89;0;0;0;0;0;0;bird
shopify_US_8332545753355_44587341611275;PurrEase Self-Grooming Brush, Small / Pink;53;0;0;0;0;0;0;bird
shopify_US_8326595870987_44582134219019;"Anti Tick & Flea Collar, Dog - 24.5""";3048;15;0,00492125984251968;20,443221;1;0,0000181089;0;turtle
shopify_US_8258850947339_44445757964555;Pelsbarn Cooling Mat (4x more effective), L / Beige;1297;3;0,0023130300693909;5,631154;0;0;0;turtle
shopify_US_8327098106123_44572069953803;Heavy-Duty Tactical Dog Collar, Large / Pink;200;0;0;0;0;0;0;bird
shopify_NL_7371016634559_42011628142783;Voerbak & Spel (2-in-1) voor betere spijsvertering;78390;94;0,00119913254241612;66,2576;0;0;0;zombie
abnakckd;PELSBARN MØBELBESKYTTER HUNDESENG (Mørkegrå);6423;61;0,00949711972598474;88,425651;2,893286;0,00034589008075;0;zombie
shopify_US_8305506779403_44518390956299;Pelsbarn Cooling Down Mat, M / beige;22;0;0;0;0;0;0;bird
shopify_US_8342826287371_44614355321099;Pelsbarn Dog Raincoat, Orange / XS;37;0;0;0;0;0;0;bird
shopify_NL_8489195798859_46551747133771;Pelsbarn Schoonmaak Sproeier (2-in-1), Groen;30607;57;0,00186231907733525;72,1052;0;0;0;zombie
shopify_NL_7371011260607_42264447746239;Halsband met led lamp voor veilige avondwandelingen, Geel / L;295;1;0,00338983050847458;1,719393;0;0;0;turtle
shopify_US_8296084046091_44497244815627;Heatrelief cooling dog bed 2.0, M/L / Beige (almost sold out!);1612;12;0,00744416873449132;31,46;0;0;0;zombie
shopify_US_8296087159051_44497250976011;Original Pelsbarn Bed + FREE calming blanket, XS/S / Brown-Beige;935;3;0,00320855614973262;7,86;0;0;0;turtle
shopify_US_8306166399243_44552052539659;Cozy Plush Pelsbarn Cover, Beige / Pillow;336;3;0,00892857142857143;2,496029;0;0;0;turtle
fingerbrush-dogs;Pelsbarn fingertannbørsten for å forbedre hundens tannhelse (i 2-pakning) By Pelsbarn;821;2;0,00243605359317905;7,18;0;0;0;turtle
shopify_DE_9505842626824_50136422154504;NEU: Luxuriöser Rücksitzschutz Beige;87989;824;0,00936480696450693;894,181309;13,414655;0,002136315885217;0;zombie
shopify_US_8306166399243_44552052146443;Cozy Plush Pelsbarn Cover, Grey / 35*35in;6491;27;0,0041596056077646;53,880165;0;0;0;zombie
shopify_US_8342826287371_44614355353867;Pelsbarn Dog Raincoat, Blue / XS;5;0;0;0;0;0;0;bird
shopify_US_8305400545547_44518254477579;Elevated Slow Feeder with No Spill Dog Water Bowl, Grey;27766;237;0,00853561910249946;393,668596;11,496304;0,000591875154259;0;zombie
shopify_US_8235420320011_44528930783499;Pelsbarn Protecting Car Bed, Poseidon / XL;893;4;0,00447928331466965;37,424709;0;0;0;zombie
shopify_US_8306166399243_44552052310283;Cozy Plush Pelsbarn Cover, Grey / Pillow;47;0;0;0;0;0;0;bird
shopify_US_8182314139915_44323690709259;Original Pelsbarn Calming Bed, Brown-Beige / XXL;624;4;0,00641025641025641;9,275565;0;0;0;turtle
shopify_US_8301818577163_44510806016267;Peace Love Dogs T-Shirt, Pink / Small;81;0;0;0;0;0;0;bird
shopify_US_8488146305291_45047597039883;Pelsbarn Comfy Protecting Car Bed, Poseidon / S;402;3;0,00746268656716418;8,81;0;0;0;turtle
shopify_US_8259530850571_44403721863435;Safety Life Jacket, XL / Blue;2481;2;0,000806126561870214;4,360245;0;0;0;turtle
shopify_US_8488146305291_45047597105419;Pelsbarn Comfy Protecting Car Bed, Poseidon / XL;88;0;0;0;0;0;0;bird
shopify_DE_9554046484744_50347219845384;Luxuriöses Cozy Pelsbarn Sofabett + Luxuriöse Cozy Decke - Beige (Bundle) M/L / Grau;392;0;0;0;0;0;0;bird
shopify_DE_9554046484744_50347219845384;Luxuriöses Cozy Pelsbarn Sofabett + Luxuriöse Cozy Decke (Bundle) M/L / Grau;794;0;0;0;0;0;0;bird
shopify_US_8305400545547_44518254412043;Elevated Slow Feeder with No Spill Dog Water Bowl, Black;2941;28;0,00952057123427406;44,022565;5,496303;0,000386406070046;0;zombie
shopify_US_8301818577163_44510805983499;Peace Love Dogs T-Shirt, Grey / Small;27;1;0,037037037037037;0,24;0;0;0;turtle
shopify_US_8897657995531_46130738528523;Orthopedic Calming Dog Bed, M / Poseidon;36;0;0;0;0;0;0;bird
shopify_US_8363905483019_44686281670923;Pelsbarn Matching Hoodie, 3XL / XL;4;0;0;0;0;0;0;bird
shopify_US_8095219876107_44523542839563;Pelsbarn Protecting Car Bed, Beige / S;3781;13;0,00343824385083311;28,779534;0,5;0,000047191580423;0;turtle
shopify_US_8319189909771_44551726924043;Furrific Dog Hair Dryer;3110;32;0,0102893890675241;20,715902;2;0,000055295185142;0;turtle
shopify_US_8038351700235_43727578562827;NEW Upgraded Calming Pelsbarn Bed, XS/S / Dark grey;4096;10;0,00244140625;32,874579;0;0;0;zombie
shopify_US_8182314139915_44217911181579;Original Pelsbarn Calming Bed, Beige / M/L;1252;8;0,00638977635782748;31,785172;0;0;0;zombie
shopify_US_8315251491083_44543249350923;Pawfect Moments: A Forever Bond Pawprint Kit, Large / Blue;8;0;0;0;0;0;0;bird
shopify_US_8296072118539_44497218830603;Pelsbarn Cooling Mat (4x more effective), XL / beige;2071;13;0,00627716079188798;21,35;0,281788;0,000010477228717;0;turtle
shopify_US_8363905483019_44686280655115;Pelsbarn Matching Hoodie, S / L;28;0;0;0;0;0;0;bird
shopify_US_8260917854475_44407367500043;Pelsbarn Cooling Car Bed, S / Beige;2993;10;0,00334112930170398;26,11;2,13326;0,000306395818015;0;turtle
shopify_US_8897655406859_46130727026955;Original Pelsbarn Calming Bed, Poseidon / XXL;1141;4;0,0035056967572305;9,84;0;0;0;turtle
shopify_DE_14849832386933_54823454802293;Pelsbarn Bio-Kotbeutel;1159;1;0,000862812769628991;0,54;0;0;0;turtle
shopify_NL_7367796719807_46658215117131;Pelsbarn harnas wandel set (inclusief riem en poepzakjes drager), Bruin / XL;13430;56;0,00416976917349218;55,085739;0;0;0;zombie
shopify_NL_7371011260607_42011612676287;Halsband met led lamp voor veilige avondwandelingen, Geel / XS;14834;11;0,000741539706080626;10,201681;3;0,000669;0;turtle
shopify_US_8315251491083_44543249318155;Pawfect Moments: A Forever Bond Pawprint Kit, Large / Pink;22;0;0;0;0;0;0;bird
shopify_US_8310314664203_45233553178891;Comfy Cuddle Car Bed Aussie, Black / XL;2132;25;0,0117260787992495;65,04456;0;0;0;zombie
shopify_US_8258850947339_44401876107531;Pelsbarn Cooling Mat (4x more effective), XL / Light Blue;1646;24;0,0145808019441069;31,685206;0;0;0;zombie
portable-dog-bottle;Portabel mat- og drikkeflaske for hund (2-i-1) By Pelsbarn;1408;3;0,00213068181818182;2,710993;0;0;0;turtle
shopify_US_8363905483019_44686281081099;Pelsbarn Matching Hoodie, M / M;131;1;0,00763358778625954;2,03;0;0;0;turtle
shopify_US_8315251491083_44543249252619;Pawfect Moments: A Forever Bond Pawprint Kit, Large / Red;5;0;0;0;0;0;0;bird
shopify_US_8301843808523_44510869750027;Never Walk Alone T-Shirt, Pink / X-Large;12;0;0;0;0;0;0;bird
shopify_US_8363905483019_44686280884491;Pelsbarn Matching Hoodie, L / S;62;0;0;0;0;0;0;bird
shopify_US_8306166399243_44520345272587;Cozy Plush Pelsbarn Cover, Grey / Three Seat Set;261;1;0,00383141762452107;2,81;0;0;0;turtle
shopify_US_8182314139915_44323690545419;Original Pelsbarn Calming Bed, Poseidon / XXS;398;2;0,0050251256281407;4,36;0;0;0;turtle
shopify_US_8259530850571_44403721699595;Safety Life Jacket, L / Green;69;0;0;0;0;0;0;bird
shopify_US_8263720632587_44413476471051;Cactus Bed, Small / Green;3906;28;0,00716845878136201;34,187697;2;0,0001887138;0;zombie
shopify_US_8296084046091_44497244717323;Heatrelief cooling dog bed 2.0, XS/S / Light Blue;67;0;0;0;0;0;0;bird
shopify_NL_7371011260607_42011612741823;Halsband met led lamp voor veilige avondwandelingen, Roze / XS;1184;7;0,00591216216216216;10,751181;1;0,000034;0;turtle
shopify_US_8296087159051_44497250943243;Original Pelsbarn Bed + FREE calming blanket, XS/S / Dark grey;5715;32;0,00559930008748906;142,403794;2;0,000245899148292;0;zombie
shopify_US_8897655406859_46130727256331;Original Pelsbarn Calming Bed, Brown-Beige / M/L;1266;9;0,00710900473933649;21,1;0;0;0;turtle
shopify_US_8259530850571_44403718816011;Safety Life Jacket, XS / Blue;60;0;0;0;0;0;0;bird
shopify_US_8235420320011_44350334533899;Pelsbarn Protecting Car Bed, Poseidon / S;13018;102;0,00783530496235981;292,44883;8,127907;0,000853198561609;0;zombie
shopify_DE_8511722488072_45418319773960;Bezug für Pelsbarn Autositz *nur der Bezug* Schwarz / S;1403;0;0;0,01253;0;0;0;turtle
shopify_US_8258850947339_44401876074763;Pelsbarn Cooling Mat (4x more effective), L / Light Blue;18044;119;0,00659499002438484;205,763657;12,979881;0,000673200257391;0;zombie
shopify_DE_8515625910536_45427899957512;Bezug für Pelsbarn Beruhigungsbett *nur der Bezug* Beige / XXL;718;2;0,00278551532033426;2,16;0;0;0;turtle
shopify_US_8342826287371_44614355616011;Pelsbarn Dog Raincoat, Blue / M;19;0;0;0;0;0;0;bird
shopify_NL_7371011260607_42264448041151;Halsband met led lamp voor veilige avondwandelingen, Roze / XL;291;2;0,00687285223367698;1,02;0;0;0;turtle
shopify_US_8342826287371_44614355255563;Pelsbarn Dog Raincoat, Pink / XS;3;0;0;0;0;0;0;bird
shopify_US_8032140099851_43937403175179;Pelsbarn No-Pull Harness Walk Kit, XS / Brown;863;6;0,00695249130938586;5,059301;0;0;0;turtle
shopify_US_8310314664203_44529056612619;Comfy Cuddle Car Bed Aussie, Poseidon / XS/S;648;3;0,00462962962962963;1,79;0;0;0;turtle
shopify_US_8270828601611_44429361971467;Dog Mom Cap (One Size Fits All);501;1;0,00199600798403194;2,52;0;0;0;turtle
shopify_US_8301843808523_44510869717259;Never Walk Alone T-Shirt, Grey / X-Large;26;0;0;0;0;0;0;bird
shopify_US_8342826287371_44614355222795;Pelsbarn Dog Raincoat, Blue / XXS;2;0;0;0;0;0;0;bird
shopify_US_8363905483019_44686280982795;Pelsbarn Matching Hoodie, 3XL / S;10;0;0;0;0;0;0;bird
shopify_US_8032140099851_44337453039883;Pelsbarn No-Pull Harness Walk Kit, L / Brown;286;1;0,0034965034965035;1,21;0;0;0;turtle
shopify_US_8327098106123_44572069921035;Heavy-Duty Tactical Dog Collar, Large / Army Green;422;5;0,0118483412322275;3,25;0;0;0;turtle
shopify_US_8365618626827_44689439555851;Orthopedic Calming Dog Bed Aussie, S / Poseidon;3507;23;0,0065583119475335;39,025469;2;0,000291591414;0;zombie
shopify_NL_7367796719807_46502986285387;Pelsbarn harnas wandel set (inclusief riem en poepzakjes drager), Violet / L;2145;9;0,0041958041958042;7,773343;0;0;0;turtle
shopify_US_8311921475851_44535017931019;Woof-o-Ween: Chucky Pup-Style Costume, Small;41;0;0;0;0;0;0;bird
shopify_US_8296072118539_44497218601227;Pelsbarn Cooling Mat (4x more effective), S / light blue;34;0;0;0;0;0;0;bird
shopify_US_8315251491083_44543249023243;Pawfect Moments: A Forever Bond Pawprint Kit, Small / Brown;120;1;0,00833333333333333;0,66;0;0;0;turtle
shopify_US_8305506779403_44518390890763;Pelsbarn Cooling Down Mat, S / beige;70;0;0;0;0;0;0;bird
shopify_US_8296087159051_44497251139851;Original Pelsbarn Bed + FREE calming blanket, XXL / Beige;438;6;0,0136986301369863;22,93;0;0;0;turtle
shopify_US_8897657995531_46130738659595;Orthopedic Calming Dog Bed, XL / Poseidon;744;3;0,00403225806451613;6,36;0;0;0;turtle
shopify_US_8326595870987_44582134251787;"Anti Tick & Flea Collar, Cat - 15""";1217;3;0,00246507806080526;9,75;0;0;0;turtle
shopify_US_8038351700235_43727578759435;NEW Upgraded Calming Pelsbarn Bed, M/L / Brown-Beige;1056;7;0,00662878787878788;26,91;0;0;0;turtle
shopify_DE_9467759755528_49993970319624;NEU: Luxuriöses Cozy Pelsbarn Sofabett M/L / Grau;2622;10;0,003813882532418;22,103594;2;0,000138;0;turtle
shopify_US_8363905483019_44686280720651;Pelsbarn Matching Hoodie, S / 2XL;1127;0;0;0,03;0;0;0;turtle
shopify_US_8296072118539_44497218765067;Pelsbarn Cooling Mat (4x more effective), L / beige;4385;31;0,00706955530216648;90,777337;5,256016;0,000281705089361;0;zombie
shopify_US_8296087159051_44497251238155;Original Pelsbarn Bed + FREE calming blanket, XXL / Brown-Beige;335;3;0,00895522388059702;8,47;0;0;0;turtle
shopify_US_8332545753355_44587341381899;PurrEase Self-Grooming Brush, Small / Black;23;0;0;0;0;0;0;bird
shopify_US_8898795077899_46136367120651;Pelsbarn No-Pull Harness Walk Kit, M / Beige;2435;18;0,00739219712525667;20,609936;2;0,000654369403147;0;turtle
shopify_US_8262888390923_44411026571531;Double-Sided Undercoat Deshedder;19529;170;0,00870500281632444;88,456115;4;0,000072435504012;0;zombie
shopify_US_8301818577163_44510806573323;Peace Love Dogs T-Shirt, Yellow / X-Large;19;0;0;0;0;0;0;bird
shopify_US_8032141574411_44172062916875;Calming Relief Blanket, Poseidon;1264;2;0,00158227848101266;3,626491;0;0;0;turtle
shopify_US_8345453789451_44624822632715;Pelsbarn 6-In-1 Dog Grooming Kit & Vacuum;4361;33;0,00756707177252924;56,859554;0;0;0;zombie
shopify_NL_8519852032331_46659356197195;Pelsbarn Anti-Haren Bal, Wit / 1 Stuk;1310;4;0,00305343511450382;4,49615;0;0;0;turtle
shopify_US_8296328003851_44497750065419;Comfy Couch Protector Bed, Brown / M;4831;25;0,00517491202649555;76,058735;0;0;0;zombie
shopify_US_8296087159051_44497250910475;Original Pelsbarn Bed + FREE calming blanket, XS/S / Light grey;715;5;0,00699300699300699;19,92;0;0;0;turtle
shopify_US_8898795077899_46136367055115;Pelsbarn No-Pull Harness Walk Kit, M / Violet;341;0;0;0;0;0;0;bird
shopify_US_8306166399243_44552052113675;Cozy Plush Pelsbarn Cover, Grey / 27*27in;358;0;0;0;0;0;0;bird
shopify_US_8235420320011_44528930750731;Pelsbarn Protecting Car Bed, Poseidon / M;601;2;0,00332778702163062;5,848865;0;0;0;turtle
shopify_US_8297134948619_44564812497163;Orthopedic Calming Dog Bed, XL / Beige;5360;27;0,00503731343283582;99,252897;4,575347;0,000407060845284;0;zombie
shopify_US_8327098106123_44572069724427;Heavy-Duty Tactical Dog Collar, Medium / Black;148;1;0,00675675675675676;0,51;0;0;0;turtle
shopify_US_8095219876107_44528926621963;Pelsbarn Protecting Car Bed, Poseidon / XL;2085;13;0,00623501199040767;58,506768;0,5;0,000040041340965;0;zombie
shopify_DE_14895988703605_54975978307957;Luxuriöser Rücksitzschutz + Gratis Kuscheldecke Braun;560;2;0,00357142857142857;2,66;0;0;0;turtle
shopify_DE_9411539173640_49798967361800;All-in-1 Hundebeutel;11103;73;0,00657479960371071;41,505794;0;0;0;zombie
shopify_US_8262422429963_44410728218891;Pelsbarn Cooling Bed (4x more effective), M/L / Light Blue;7744;78;0,0100723140495868;144,395878;4;0,000453743486689;0;zombie
shopify_US_8220173304075_44311242735883;Headrest Restraint Seatbelt for Extra Safety;850;10;0,0117647058823529;6,34;2;0,000055771867773;0;turtle
dog-blanket-darkgrey;Pelsbarn Beroligende Teppet, Dark grey By Pelsbarn;9153;58;0,00633672020102699;51,577269;2;0,000090329408984;0;zombie
shopify_US_8342826287371_44614355419403;Pelsbarn Dog Raincoat, Yellow / S;192;0;0;0;0;0;0;bird
shopify_US_8352688439563_44646691668235;Orthopedic Comfort Bed for joint support, M / Beige;2959;22;0,00743494423791822;41,305293;0;0;0;zombie
shopify_DE_8515625910536_45427899990280;Bezug für Pelsbarn Beruhigungsbett *nur der Bezug* Anthrazit / XS/S;2;0;0;0;0;0;0;bird
shopify_NL_7371011260607_42011612709055;Halsband met led lamp voor veilige avondwandelingen, Blauw / XS;8957;26;0,00290275761973875;42,659136;2;0,000088;0;zombie
shopify_US_8352688439563_44646691635467;Orthopedic Comfort Bed for joint support, S / Poseidon;1088;10;0,00919117647058824;30,8;0;0;0;zombie
shopify_US_8453086413067_44948623261963;Orthopedic Calming Dog Bed, S / Poseidon;31;0;0;0;0;0;0;bird
shopify_US_8342826287371_44614355779851;Pelsbarn Dog Raincoat, Pink / XL;1;0;0;0;0;0;0;bird
shopify_US_8327098106123_44572069757195;Heavy-Duty Tactical Dog Collar, Medium / Khaki;174;0;0;0;0;0;0;bird
shopify_NL_7371011260607_42264447877311;Halsband met led lamp voor veilige avondwandelingen, Blauw / L;1061;2;0,00188501413760603;3,42;0;0;0;turtle
shopify_US_8363905483019_44686281146635;Pelsbarn Matching Hoodie, XL / M;64;1;0,015625;0,76;0;0;0;turtle
shopify_DE_8515625910536_45427899859208;Bezug für Pelsbarn Beruhigungsbett *nur der Bezug* Schwarz / XXL;154;1;0,00649350649350649;3,75;0;0;0;turtle
shopify_US_8311921475851_44535018029323;Woof-o-Ween: Chucky Pup-Style Costume, X-Large;184;0;0;0,02;0;0;0;turtle
shopify_US_8897655406859_46130726961419;Original Pelsbarn Calming Bed, Poseidon / XS/S;1364;11;0,00806451612903226;36,36;0;0;0;zombie
shopify_NL_8591844802891_46850798256459;Verhoogde Slow-Feeder & Anti-Knoei Drinkbak (2-in-1), Zwart;45210;147;0,00325149303251493;212,787241;7,975727;0,000287126172;0;zombie
shopify_US_8327098106123_44572069789963;Heavy-Duty Tactical Dog Collar, Medium / Army Green;126;1;0,00793650793650794;1,86;0;0;0;turtle
shopify_DE_9554046484744_50347219779848;Luxuriöses Cozy Pelsbarn Sofabett + Luxuriöse Cozy Decke (Bundle) M/L / Beige;6665;10;0,00150037509377344;19,60771;0;0;0;turtle
shopify_DE_9554046484744_50347219779848;Luxuriöses Cozy Pelsbarn Sofabett + Luxuriöse Cozy Decke - Beige (Bundle) M/L / Beige;4419;6;0,00135777325186694;6,862272;0;0;0;turtle
shopify_US_8262422429963_44410728186123;Pelsbarn Cooling Bed (4x more effective), XS/S / Beige;7914;49;0,00619155926206722;123,10991;2;0,000379439373908;0;zombie
shopify_US_8306166399243_44520345239819;Cozy Plush Pelsbarn Cover, Grey / Two Seat Set;2055;10;0,0048661800486618;23,06;0;0;0;turtle
shopify_DE_8515625910536_45427900055816;Bezug für Pelsbarn Beruhigungsbett *nur der Bezug* Anthrazit / XXL;42;0;0;0;0;0;0;bird
shopify_US_8182314139915_44217911214347;Original Pelsbarn Calming Bed, Light Grey / M/L;2991;27;0,00902708124373119;97,84763;0;0;0;zombie
shopify_US_8306166399243_44552052408587;Cozy Plush Pelsbarn Cover, Beige / 35*47in;86;0;0;0;0;0;0;bird
shopify_US_8352688439563_44646691537163;Orthopedic Comfort Bed for joint support, S / Beige;6068;47;0,00774555042847726;82,210482;2,666667;0,000366046839675;0;zombie
shopify_DE_8511722488072_45418329702664;Bezug für Pelsbarn Autositz *nur der Bezug* Anthrazit / XL;1037;4;0,0038572806171649;6,102223;0;0;0;turtle
shopify_US_8365618626827_44689439523083;Orthopedic Calming Dog Bed Aussie, S / Beige;23766;217;0,00913069090297063;424,89691;10,333334;0,001087538743672;0;zombie
shopify_US_8301843808523_44510869684491;Never Walk Alone T-Shirt, White / X-Large;4;0;0;0;0;0;0;bird
shopify_US_8453086413067_44948623294731;Orthopedic Calming Dog Bed, M / Beige;95;0;0;0;0;0;0;bird
shopify_US_8363905483019_44686281736459;Pelsbarn Matching Hoodie, 5XL / XL;16;0;0;0;0;0;0;bird
shopify_NL_8677688541515_47129867059531;Hondenpootjes creme voor beschadigde kussentjes en verzorging;37007;30;0,000810657443186424;21,518469;2;0,00002;0;turtle
hftmjhno;PELSBARN MØBELBESKYTTER HUNDESENG (frost);246;2;0,00813008130081301;2,23;0;0;0;turtle
shopify_US_8327098106123_44572070052107;Heavy-Duty Tactical Dog Collar, X-Large / Army Green;2189;15;0,00685244403837369;17,160712;0;0;0;turtle
shopify_US_8376583454987_44722387681547;Your Dog In A Christmas Ball, 2 pcs - SAVE 50%;3;0;0;0;0;0;0;bird
shopify_US_8296072118539_44497218633995;Pelsbarn Cooling Mat (4x more effective), S / beige;193;0;0;0;0;0;0;bird
shopify_US_8862479417611_55074666086783;Luxurious Self-Warming Calming Blanket (BOGO), Beige / Medium;6115;62;0,0101390024529845;77,261038;0,5;0,000023350888113;0;zombie
shopify_US_8363905483019_44686281244939;Pelsbarn Matching Hoodie, 4XL / M;14;0;0;0;0;0;0;bird
shopify_US_8306166399243_44552052179211;Cozy Plush Pelsbarn Cover, Grey / 35*47in;321;0;0;0;0;0;0;bird
shopify_US_8363905483019_44686281605387;Pelsbarn Matching Hoodie, XL / XL;18;0;0;0;0;0;0;bird
shopify_US_8367956230411_44697001951499;Calming Relief Blanket, Beige / One Size;5647;30;0,00531255533911812;49,46477;2,353112;0,0000650423502;0;zombie
shopify_DE_9448297660680_49903727902984;Faltbarer Napf;6875;5;0,000727272727272727;2,776184;0;0;0;turtle
shopify_US_8259300851979_44449263943947;Soothing Lick Mat (vet recommended), Orange;2096;13;0,00620229007633588;11,175736;0,496361;0,000032642635168;0;turtle
shopify_US_8032140099851_43937403240715;Pelsbarn No-Pull Harness Walk Kit, S / Brown;468;2;0,00427350427350427;1,78;0;0;0;turtle
shopify_US_8032140099851_44337452744971;Pelsbarn No-Pull Harness Walk Kit, XS / Violet;89;0;0;0;0;0;0;bird
shopify_US_8032140099851_44337452941579;Pelsbarn No-Pull Harness Walk Kit, M / Violet;411;3;0,0072992700729927;10,31;0;0;0;turtle
shopify_US_8365618626827_44689439752459;Orthopedic Calming Dog Bed Aussie, XL / Poseidon;3695;21;0,00568335588633288;71,758059;2,010832;0,0001427261356;0;zombie
shopify_US_8305506779403_44518391021835;Pelsbarn Cooling Down Mat, L / beige;1343;3;0,00223380491437081;12,13;0;0;0;turtle
shopify_US_8453086413067_44948623229195;Orthopedic Calming Dog Bed, S / Beige;64;1;0,015625;5,05;0;0;0;turtle
shopify_US_8898795077899_46136367022347;Pelsbarn No-Pull Harness Walk Kit, M / Brown;98;0;0;0;0;0;0;bird
shopify_US_8038351700235_43727578497291;NEW Upgraded Calming Pelsbarn Bed, XS/S / Beige;15446;81;0,0052440761362165;203,526468;2,193122;0,000241915451862;0;zombie
shopify_DE_9407804670216_49779605143816;Pelsbarn Tragetasche;12099;13;0,00107446896437722;15,311745;0;0;0;turtle
shopify_US_8488146305291_45047597072651;Pelsbarn Comfy Protecting Car Bed, Poseidon / M;33;1;0,0303030303030303;0,37;0;0;0;turtle
shopify_US_8342826287371_44614355091723;Pelsbarn Dog Raincoat, Pink / XXS;1;0;0;0;0;0;0;bird
shopify_US_8342826287371_44614355386635;Pelsbarn Dog Raincoat, Pink / S;226;2;0,00884955752212389;2,288145;0;0;0;turtle
shopify_US_8306166399243_44520301232395;Cozy Plush Pelsbarn Cover, Beige / Three Seat Set;626;2;0,00319488817891374;2,62;0;0;0;turtle
shopify_US_8297134948619_44603556725003;Orthopedic Calming Dog Bed, XL / Poseidon;1945;14;0,00719794344473008;41,76;2;0,00017942803275;0;zombie
shopify_US_8898795077899_46136366858507;Pelsbarn No-Pull Harness Walk Kit, XS / Beige;70;0;0;0;0;0;0;bird
shopify_US_8032140099851_44337452908811;Pelsbarn No-Pull Harness Walk Kit, S / Beige;8266;52;0,00629082990563755;58,341601;2;0,000160165363861;0;zombie
shopify_US_8898795077899_46136366825739;Pelsbarn No-Pull Harness Walk Kit, XS / Black;12;0;0;0;0;0;0;bird
shopify_US_8329551085835_44578510897419;Pawprint Silicone Mold & Recipes, Blue;27;0;0;0;0;0;0;bird
shopify_US_8342826287371_44614356041995;Pelsbarn Dog Raincoat, Pink / 3XL;7;0;0;0;0;0;0;bird
shopify_US_8355661152523_44658210636043;Rotatable Catnip Ball, Blue;877;7;0,00798175598631699;3,85;0;0;0;turtle
shopify_US_8296328003851_44497750098187;Comfy Couch Protector Bed, Brown / L;1091;3;0,00274977085242896;19,28;2;0,000171411568967;0;turtle
shopify_US_8259530850571_44403721404683;Safety Life Jacket, M / Pink;10;0;0;0;0;0;0;bird
shopify_US_8363905483019_44686281474315;Pelsbarn Matching Hoodie, 4XL / L;6;0;0;0;0;0;0;bird
shopify_US_8296087159051_44497251205387;Original Pelsbarn Bed + FREE calming blanket, XXL / Dark grey;138;0;0;0;0;0;0;bird
shopify_NL_7371011424447_42011613331647;Draagbare Hondenfles En Voedselcontainer 2-in-1;9006;12;0,00133244503664224;12,558901;0;0;0;turtle
shopify_US_8301818577163_44510806147339;Peace Love Dogs T-Shirt, Grey / Medium;27;0;0;0;0;0;0;bird
shopify_US_8897655406859_46130726895883;Original Pelsbarn Calming Bed, Beige / XXL;2828;24;0,00848656294200849;89,262742;0;0;0;zombie
shopify_US_8182314139915_44323690512651;Original Pelsbarn Calming Bed, Light Grey / XXS;3813;43;0,011277209546289;203,995776;6,503424;0,000840763058372;0;zombie
shopify_US_8342826287371_44614356107531;Pelsbarn Dog Raincoat, Orange / 3XL;14;0;0;0;0;0;0;bird
shopify_US_8897655406859_46130726928651;Original Pelsbarn Calming Bed, Poseidon / XXS;373;1;0,00268096514745308;2,12;0;0;0;turtle
shopify_US_8032140099851_44337453105419;Pelsbarn No-Pull Harness Walk Kit, L / Black;16;0;0;0;0;0;0;bird
shopify_US_8032140099851_44337453138187;Pelsbarn No-Pull Harness Walk Kit, L / Beige;439;3;0,00683371298405467;2,84;0;0;0;turtle
shopify_US_8272544497931_44433652875531;Pelsbarn Dog Hair Remover, 2 Pack;8267;57;0,00689488327083585;81,902913;2;0,000045811412617;0;zombie
shopify_US_8301843808523_44510869618955;Never Walk Alone T-Shirt, Pink / Large;21;0;0;0;0;0;0;bird
shopify_US_8306166399243_44552052277515;Cozy Plush Pelsbarn Cover, Grey / 35*82in;883;5;0,00566251415628539;8,81;0;0;0;turtle
shopify_US_8310314664203_44529056514315;Comfy Cuddle Car Bed Aussie, Beige / XS/S;7836;51;0,00650842266462481;91,443874;2,333333;0,000194681042273;0;zombie
shopify_US_8897655406859_46130726994187;Original Pelsbarn Calming Bed, Poseidon / M/L;1793;14;0,00780814277746793;51,473449;2;0,000340578227369;0;zombie
shopify_US_8363905483019_44686280622347;Pelsbarn Matching Hoodie, S / M;67;0;0;0;0;0;0;bird
shopify_US_8182314139915_44217911050507;Original Pelsbarn Calming Bed, Beige / XS/S;26382;223;0,00845273292396331;950,306193;14,985875;0,002104273018619;0;zombie
shopify_US_8260917854475_44488141111563;Pelsbarn Cooling Car Bed, XL / Beige;14809;76;0,00513201431561888;233,887701;6,658334;0,000828859662082;0;zombie
shopify_US_8342826287371_44614355190027;Pelsbarn Dog Raincoat, Orange / XXS;2;0;0;0;0;0;0;bird
shopify_US_8032140099851_44431057355019;Pelsbarn No-Pull Harness Walk Kit, XL / Violet;909;11;0,0121012101210121;20,942757;0;0;0;turtle
shopify_US_8032140099851_44337452777739;Pelsbarn No-Pull Harness Walk Kit, XS / Black;4;0;0;0;0;0;0;bird
shopify_US_8897655406859_46130726830347;Original Pelsbarn Calming Bed, Beige / XS/S;29139;235;0,00806479288925495;901,143896;7,238648;0,001036591127388;0;zombie
shopify_US_8032140099851_44431057387787;Pelsbarn No-Pull Harness Walk Kit, XL / Black;178;1;0,00561797752808989;2,55;2;0,000151443983601;0;turtle
shopify_US_8897655406859_46130727223563;Original Pelsbarn Calming Bed, Brown-Beige / XS/S;1028;3;0,00291828793774319;3,274236;0;0;0;turtle
shopify_US_8897657995531_46130738462987;Orthopedic Calming Dog Bed, S / Poseidon;141;0;0;0;0;0;0;bird
shopify_NL_7367796719807_46498828288331;Pelsbarn harnas wandel set (inclusief riem en poepzakjes drager), Violet / XS;3229;14;0,00433570764942707;19,42725;0;0;0;turtle
shopify_US_8310314664203_44529056547083;Comfy Cuddle Car Bed Aussie, Beige / M;9871;79;0,00800324181947118;215,538866;9,572977;0,000795960667923;0;zombie
shopify_US_8259300851979_44449263976715;Soothing Lick Mat (vet recommended), Blue;989;7;0,0070778564206269;4,591693;0;0;0;turtle
shopify_US_8182314139915_44217911083275;Original Pelsbarn Calming Bed, Light Grey / XS/S;1747;20;0,0114481969089868;81,40078;2;0,0002268378;0;zombie
shopify_US_8296087159051_44497251041547;Original Pelsbarn Bed + FREE calming blanket, M/L / Light grey;797;9;0,0112923462986198;27,91;5,280422;0,00068763588983;0;turtle
shopify_US_8365618626827_44689439621387;Orthopedic Calming Dog Bed Aussie, M / Poseidon;3062;15;0,00489875898105813;36,94;0;0;0;zombie
shopify_US_8038351700235_43727578726667;NEW Upgraded Calming Pelsbarn Bed, M/L / Dark grey;2189;5;0,00228414801279123;27,310814;2;0,000227457315;0;turtle
shopify_US_8898795077899_46136367382795;Pelsbarn No-Pull Harness Walk Kit, XL / Beige;545;2;0,0036697247706422;1,094471;0;0;0;turtle
shopify_US_8301843808523_44510869586187;Never Walk Alone T-Shirt, Grey / Large;5;1;0,2;1,25;0;0;0;turtle
shopify_US_8342826287371_44614355517707;Pelsbarn Dog Raincoat, Pink / M;14;0;0;0;0;0;0;bird
shopify_US_8296072118539_44497218535691;Pelsbarn Cooling Mat (4x more effective), XS / light blue;373;4;0,0107238605898123;5,64;0;0;0;turtle
shopify_US_8338018468107_44601595461899;Pet Paw Cleaning Foam;296;1;0,00337837837837838;2,151603;0;0;0;turtle
shopify_US_8301818577163_44510806278411;Peace Love Dogs T-Shirt, White / Large;180;2;0,0111111111111111;1,31;0;0;0;turtle
shopify_US_8365618626827_44689439588619;Orthopedic Calming Dog Bed Aussie, M / Beige;300;0;0;0;0;0;0;bird
shopify_US_8310314664203_44529056645387;Comfy Cuddle Car Bed Aussie, Poseidon / M;327;0;0;0,147275;0;0;0;turtle
shopify_NL_8519852032331_46659355214155;Pelsbarn Anti-Haren Bal, Groen / 1 Stuk;142347;257;0,00180544725213738;203,336593;3;0,000241;0;zombie
shopify_US_8329551085835_44578510831883;Pawprint Silicone Mold & Recipes, Pink;1149;0;0;0,052076;0;0;0;turtle
shopify_NL_7371011260607_42264447910079;Halsband met led lamp voor veilige avondwandelingen, Blauw / XL;17767;22;0,0012382506894805;24,272472;0;0;0;turtle
shopify_US_8258850947339_44445757866251;Pelsbarn Cooling Mat (4x more effective), XS / Beige;358;1;0,00279329608938547;1,37;0;0;0;turtle
shopify_US_8342826287371_44614355288331;Pelsbarn Dog Raincoat, Yellow / XS;4;0;0;0;0;0;0;bird
shopify_US_8342826287371_44614355550475;Pelsbarn Dog Raincoat, Yellow / M;6;0;0;0;0;0;0;bird
shopify_US_8182314139915_44217911279883;Original Pelsbarn Calming Bed, Brown-Beige / M/L;758;3;0,00395778364116095;21,76;0;0;0;turtle
shopify_US_8351984025867_44644224237835;Intelli-Feed Enrichment System;284;4;0,0140845070422535;8,17;0;0;0;turtle
shopify_US_8898795077899_46136366956811;Pelsbarn No-Pull Harness Walk Kit, S / Black;15;0;0;0;0;0;0;bird
shopify_NL_8573538599243_46798121664843;Dogmom pet voor de échte hondenbaasjes, Dog Dad;37716;12;0,000318167356029271;8,295575;0;0;0;turtle
shopify_US_8260917854475_44407367467275;Pelsbarn Cooling Car Bed, S / Light Blue;5120;13;0,0025390625;26,45582;0,209243;0,000013838689549;0;turtle
shopify_US_8252509847819_44388964237579;Luxurious Dog Car Bed, Charcoal Grey / Single Seat;828;0;0;0;0;0;0;bird
shopify_US_8306166399243_44552052441355;Cozy Plush Pelsbarn Cover, Beige / 35*63in;46;0;0;0;0;0;0;bird
shopify_US_8259530850571_44403721732363;Safety Life Jacket, XL / Green;74;0;0;0;0;0;0;bird
shopify_US_8315103084811_44542976196875;Woof-o-Ween: Chucky Pup-Style Costume (Get 1 FREE), Large;80;0;0;0;0;0;0;bird
shopify_DE_9467759755528_49993970286856;NEU: Luxuriöses Cozy Pelsbarn Sofabett M/L / Braun;24642;117;0,00474799123447772;167,567132;6;0,000453999999902;0;zombie
shopify_US_8259530850571_44403721568523;Safety Life Jacket, L / Orange;33;0;0;0;0;0;0;bird
shopify_DE_8515625910536_45427899891976;Bezug für Pelsbarn Beruhigungsbett *nur der Bezug* Beige / XS/S;289;2;0,0069204152249135;1,16;0;0;0;turtle
shopify_US_8182314139915_44323690643723;Original Pelsbarn Calming Bed, Light Grey / XXL;1386;18;0,012987012987013;75,682104;0;0;0;zombie
shopify_US_8038351700235_43727578628363;NEW Upgraded Calming Pelsbarn Bed, M/L / Beige;6574;25;0,0038028597505324;118,85846;2;0,000226837198812;0;zombie
shopify_NL_8519852032331_46659355738443;Pelsbarn Anti-Haren Bal, Roze / 2 Stuks;3955;0;0;0,201276;0;0;0;turtle
shopify_US_8310314664203_44529056678155;Comfy Cuddle Car Bed Aussie, Poseidon / XL;12110;83;0,00685383980181668;205,189861;1,9;0,000170173423809;0;zombie
shopify_US_8363905483019_44686281048331;Pelsbarn Matching Hoodie, 5XL / S;10;0;0;0;0;0;0;bird
shopify_US_8363905483019_44686281900299;Pelsbarn Matching Hoodie, 3XL / 2XL;1;0;0;0;0;0;0;bird
shopify_NL_7367796719807_46502986219851;Pelsbarn harnas wandel set (inclusief riem en poepzakjes drager), Violet / S;3975;20;0,0050314465408805;23,802534;0;0;0;turtle
shopify_US_8898795077899_46136366891275;Pelsbarn No-Pull Harness Walk Kit, S / Brown;83;0;0;0;0;0;0;bird
shopify_DE_8515625910536_45432248140040;Bezug für Pelsbarn Beruhigungsbett *nur der Bezug* Hellgrau / XS/S;1406;6;0,0042674253200569;17,883766;4;0,0002964;0;turtle
shopify_US_8182314139915_44323690578187;Original Pelsbarn Calming Bed, Brown-Beige / XXS;2005;8;0,00399002493765586;23,36;0;0;0;turtle
shopify_DE_8327134544136_44735411945736;Pelsbarn Autositz Anthrazit / M;4716;90;0,0190839694656489;125,664286;9,660882;0,000823905268;0;zombie
shopify_US_8095219876107_44528926589195;Pelsbarn Protecting Car Bed, Poseidon / M;586;3;0,00511945392491468;5,365704;1,25;0,00013251777129;0;turtle
shopify_US_8363905483019_44686281801995;Pelsbarn Matching Hoodie, L / 2XL;4;0;0;0;0;0;0;bird
shopify_US_8305506779403_44518390923531;Pelsbarn Cooling Down Mat, M / light blue;172;0;0;0;0;0;0;bird
shopify_US_8365618626827_44689439686923;Orthopedic Calming Dog Bed Aussie, L / Poseidon;1727;15;0,00868558193398958;31,259275;1,711959;0,000140824867324;0;zombie
shopify_NL_8519852032331_46659355279691;Pelsbarn Anti-Haren Bal, Groen / 3 Stuks;9115;39;0,00427866154690071;44,025609;0;0;0;zombie
shopify_DE_8511722488072_45418319905032;Bezug für Pelsbarn Autositz *nur der Bezug* Beige / M;230;1;0,00434782608695652;1,49;0;0;0;turtle
shopify_US_8332545753355_44587341545739;PurrEase Self-Grooming Brush, Small / Grey;14;0;0;0;0;0;0;bird
shopify_US_8263720632587_44413473587467;Cactus Bed, Medium / Brown;1514;8;0,00528401585204756;11,38;0;0;0;turtle
shopify_US_8363905483019_44686280917259;Pelsbarn Matching Hoodie, XL / S;23;1;0,0434782608695652;1,05;0;0;0;turtle
shopify_US_8342826287371_44614356074763;Pelsbarn Dog Raincoat, Yellow / 3XL;55;0;0;0;0;0;0;bird
shopify_US_8898795077899_46136366760203;Pelsbarn No-Pull Harness Walk Kit, XS / Brown;732;10;0,0136612021857923;8,56246;0;0;0;turtle
shopify_US_8251891286283_44507175682315;Pelsbarn XL Car Bed For All Dogs;5040;4;0,000793650793650794;18,021293;0;0;0;turtle
shopify_US_8363905483019_44686281408779;Pelsbarn Matching Hoodie, 2XL / L;2;0;0;0;0;0;0;bird
shopify_US_8182314139915_44323690676491;Original Pelsbarn Calming Bed, Poseidon / XXL;701;10;0,014265335235378;30,42;0;0;0;zombie
shopify_US_8453086413067_44948623360267;Orthopedic Calming Dog Bed, L / Beige;41;0;0;0;0;0;0;bird
shopify_US_8342826287371_44614355484939;Pelsbarn Dog Raincoat, Blue / S;779;7;0,00898587933247754;10,36;2;0,0002344626;0;turtle
shopify_US_8897655406859_46130726863115;Original Pelsbarn Calming Bed, Beige / M/L;2601;19;0,00730488273740869;66,172631;0,193123;0,000026420249797;0;zombie
shopify_US_8296087159051_44497251107083;Original Pelsbarn Bed + FREE calming blanket, M/L / Brown-Beige;400;5;0,0125;13,57;0;0;0;turtle
shopify_NL_7371011260607_42264447811775;Halsband met led lamp voor veilige avondwandelingen, Blauw / S;558;6;0,010752688172043;4,35;0;0;0;turtle
shopify_US_8032140099851_43937403306251;Pelsbarn No-Pull Harness Walk Kit, M / Brown;1089;0;0;0,011631;0;0;0;turtle
shopify_DE_9525963227400_50230171599112;Pelsbarn Autositz (lander) Anthrazit / S;47165;733;0,0155411852008905;1115,451063;44,132658;0,003512992639734;0;zombie
shopify_US_8313665028363_44540107751691;The ''I miss you'' Cozy Companion;1696;18;0,0106132075471698;10,787412;0;0;0;turtle
shopify_DE_8515625910536_45432248041736;Bezug für Pelsbarn Beruhigungsbett *nur der Bezug* Beige / XXS;3;0;0;0;0;0;0;bird
shopify_US_8332545753355_44587341578507;PurrEase Self-Grooming Brush, Small / Blue;30;0;0;0;0;0;0;bird
shopify_US_8263720632587_44413476569355;Cactus Bed, Small / Gray;1394;5;0,00358680057388809;4,796019;0;0;0;turtle
shopify_US_8301818577163_44510806114571;Peace Love Dogs T-Shirt, White / Medium;285;2;0,00701754385964912;1,43;0;0;0;turtle
shopify_US_8897655406859_46130727092491;Original Pelsbarn Calming Bed, Light Grey / XS/S;1432;13;0,00907821229050279;46,57821;1,993075;0,000226115287659;0;zombie
shopify_US_8315103084811_44542976164107;Woof-o-Ween: Chucky Pup-Style Costume (Get 1 FREE), Medium;73;0;0;0;0;0;0;bird
shopify_US_8301818577163_44510806475019;Peace Love Dogs T-Shirt, Grey / X-Large;36;0;0;0;0;0;0;bird
shopify_US_8301818577163_44510806081803;Peace Love Dogs T-Shirt, Yellow / Small;14;0;0;0;0;0;0;bird
shopify_US_8327098106123_44572069822731;Heavy-Duty Tactical Dog Collar, Medium / Pink;1909;33;0,0172865374541645;25,519934;2;0,000052713090809;0;turtle
shopify_US_8363905483019_44686281572619;Pelsbarn Matching Hoodie, L / XL;29;0;0;0;0;0;0;bird
shopify_US_8744188444939_45678723432715;'Be the person your dog thinks you are' Tote Bag;5611;3;0,00053466405275352;5,672527;0;0;0;turtle
shopify_US_8227202957579_44327992066315;Quick-Wash Shampoo Sprayer;4369;50;0,0114442664225223;30,400163;0;0;0;zombie
shopify_NL_7371011260607_42264447779007;Halsband met led lamp voor veilige avondwandelingen, Geel / XL;1552;9;0,00579896907216495;8,785979;0;0;0;turtle
shopify_US_8315103084811_44542976229643;Woof-o-Ween: Chucky Pup-Style Costume (Get 1 FREE), X-Large;19;0;0;0;0;0;0;bird
shopify_US_8363905483019_44686281376011;Pelsbarn Matching Hoodie, XL / L;12;0;0;0;0;0;0;bird
shopify_US_8296072118539_44497218666763;Pelsbarn Cooling Mat (4x more effective), M / light blue;331;2;0,00604229607250755;5,083164;0;0;0;turtle
shopify_NL_8519852032331_46659425993035;Pelsbarn Anti-Haren Bal, Rood / 2 Stuks;3861;40;0,0103600103600104;35,098705;3,438005;0,00011689217;0;zombie
shopify_DE_8515625910536_45427899793672;Bezug für Pelsbarn Beruhigungsbett *nur der Bezug* Schwarz / XS/S;2;0;0;0;0;0;0;bird
shopify_US_8898795077899_46136367350027;Pelsbarn No-Pull Harness Walk Kit, XL / Black;114;2;0,0175438596491228;1,807235;0;0;0;turtle
shopify_NL_8519852032331_46659355246923;Pelsbarn Anti-Haren Bal, Groen / 2 Stuks;4695;58;0,0123535676251331;37,924143;0;0;0;zombie
shopify_US_8363905483019_44686281212171;Pelsbarn Matching Hoodie, 3XL / M;16;1;0,0625;0,99;0;0;0;turtle
shopify_US_8342826287371_44614355583243;Pelsbarn Dog Raincoat, Orange / M;23;0;0;0;0;0;0;bird
shopify_US_8297134948619_44603556659467;Orthopedic Calming Dog Bed, M / Poseidon;148;0;0;0;0;0;0;bird
shopify_US_8315251491083_44543249285387;Pawfect Moments: A Forever Bond Pawprint Kit, Large / Green;21;0;0;0;0;0;0;bird
shopify_US_8363905483019_44686281441547;Pelsbarn Matching Hoodie, 3XL / L;657;3;0,0045662100456621;3,29;0;0;0;turtle
shopify_US_8296084046091_44497244782859;Heatrelief cooling dog bed 2.0, M/L / Light Blue;1884;26;0,0138004246284501;20,198376;0;0;0;turtle
shopify_US_8311921475851_44535017963787;Woof-o-Ween: Chucky Pup-Style Costume, Medium;288;3;0,0104166666666667;0,91;0;0;0;turtle
shopify_DE_8511722488072_45418319872264;Bezug für Pelsbarn Autositz *nur der Bezug* Beige / S;9959;6;0,000602470127522844;5,678851;0;0;0;turtle
shopify_US_8095219876107_44523542905099;Pelsbarn Protecting Car Bed, Poseidon / S;61237;1168;0,0190734359945784;2233,982073;93,698527;0,010771947742382;0;zombie
shopify_US_8332545753355_44587341676811;PurrEase Self-Grooming Brush, Large / Blue;97;2;0,0206185567010309;0,94;0;0;0;turtle
shopify_US_8182314139915_44323690610955;Original Pelsbarn Calming Bed, Beige / XXL;1946;21;0,0107913669064748;78,86114;0;0;0;zombie
shopify_US_8296087159051_44497250779403;Original Pelsbarn Bed + FREE calming blanket, XXS / Light grey;6186;61;0,00986097639831878;209,967852;9;0,001295324727964;0;zombie
shopify_US_8296087159051_44497251172619;Original Pelsbarn Bed + FREE calming blanket, XXL / Light grey;453;4;0,00883002207505519;19,44;2;0,00015063171125;0;turtle
shopify_US_8379160756491_44731023458571;Pelsbarn bed;15267;18;0,00117901355865592;37,597053;0;0;0;zombie
shopify_US_8235420320011_44528930717963;Pelsbarn Protecting Car Bed, Beige / XL;19100;128;0,00670157068062827;534,493519;14,482381;0,002437998065285;0;zombie
shopify_US_8306166399243_44552052375819;Cozy Plush Pelsbarn Cover, Beige / 35*35in;151;0;0;0;0;0;0;bird
shopify_US_8363905483019_44686281867531;Pelsbarn Matching Hoodie, 2XL / 2XL;9;0;0;0;0;0;0;bird
shopify_US_8363905483019_44686280950027;Pelsbarn Matching Hoodie, 2XL / S;14;0;0;0;0;0;0;bird
shopify_US_8898795077899_46136367087883;Pelsbarn No-Pull Harness Walk Kit, M / Black;64;0;0;0;0;0;0;bird
shopify_US_8488146305291_45233629561099;Pelsbarn Comfy Protecting Car Bed, Black / M;2991;28;0,00936141758609161;58,598185;2,4;0,000212072681863;0;zombie
shopify_DE_8327134544136_44735412044040;Pelsbarn Autositz Beige / M;1361;9;0,00661278471711976;14,308113;2;0,0002888;0;turtle
shopify_US_8488146305291_45233629528331;Pelsbarn Comfy Protecting Car Bed, Black / S;8592;76;0,00884543761638734;129,32786;4,290757;0,000323441215705;0;zombie
shopify_US_8032140099851_44337452974347;Pelsbarn No-Pull Harness Walk Kit, M / Black;50;0;0;0;0;0;0;bird
shopify_US_8315251491083_44543249154315;Pawfect Moments: A Forever Bond Pawprint Kit, Small / Blue;33;0;0;0;0;0;0;bird
shopify_US_8296072118539_44497218797835;Pelsbarn Cooling Mat (4x more effective), XL / light blue;1042;2;0,00191938579654511;5,58;0;0;0;turtle
shopify_US_8301843808523_44510869651723;Never Walk Alone T-Shirt, Blue / Large;280;2;0,00714285714285714;1,13;0;0;0;turtle
shopify_DE_8515625910536_45432248107272;Bezug für Pelsbarn Beruhigungsbett *nur der Bezug* Hellgrau / XXS;46223;47;0,00101680981329641;63,306401;2;0,0001444;0;zombie
shopify_US_8272544497931_44433662345483;Pelsbarn Dog Hair Remover, 1 Pack;3079;27;0,00876908087041247;21,97;0;0;0;turtle
shopify_US_8258850947339_44401876041995;Pelsbarn Cooling Mat (4x more effective), M / Light Blue;2131;22;0,010323791647114;36,574923;0;0;0;zombie
shopify_US_8898795077899_46136367284491;Pelsbarn No-Pull Harness Walk Kit, XL / Brown;854;13;0,0152224824355972;16,39174;0;0;0;turtle
shopify_US_8453086413067_44948623393035;Orthopedic Calming Dog Bed, L / Poseidon;97;0;0;0;0;0;0;bird
shopify_NL_7371011260607_42264447844543;Halsband met led lamp voor veilige avondwandelingen, Blauw / M;822;5;0,00608272506082725;7,942851;0;0;0;turtle
shopify_US_8296072118539_44497218699531;Pelsbarn Cooling Mat (4x more effective), M / beige;525;2;0,00380952380952381;4,72;1,496361;0,000098406535168;0;turtle
shopify_US_8297134948619_44564812300555;Orthopedic Calming Dog Bed, S / Beige;2476;4;0,00161550888529887;6,668541;0;0;0;turtle
shopify_US_8327098106123_44572070084875;Heavy-Duty Tactical Dog Collar, X-Large / Pink;1389;13;0,00935925125989921;10,825798;0;0;0;turtle
shopify_US_8263720632587_44413473718539;Cactus Bed, Large / Brown;1706;7;0,0041031652989449;7,67;0;0;0;turtle
shopify_US_8305506779403_44518390825227;Pelsbarn Cooling Down Mat, XS / beige;227;1;0,00440528634361234;0,35;0;0;0;turtle
shopify_US_8258850947339_44445757931787;Pelsbarn Cooling Mat (4x more effective), M / Beige;824;5;0,00606796116504854;6,787725;0;0;0;turtle
shopify_US_8897655406859_46130727158027;Original Pelsbarn Calming Bed, Light Grey / XXL;597;2;0,0033500837520938;11,04;0;0;0;turtle
shopify_US_8365618626827_44689439719691;Orthopedic Calming Dog Bed Aussie, XL / Beige;297;2;0,00673400673400673;9,78;0;0;0;turtle
shopify_DE_8515625910536_45432248172808;Bezug für Pelsbarn Beruhigungsbett *nur der Bezug* Hellgrau / M/L;478;3;0,00627615062761506;2,88;0;0;0;turtle
shopify_NL_8573538599243_46798121566539;Dogmom pet voor de échte hondenbaasjes, Dog Mom;3991;2;0,000501127536958156;1,683201;0;0;0;turtle
shopify_NL_8519852032331_46659425960267;Pelsbarn Anti-Haren Bal, Rood / 1 Stuk;625;5;0,008;3,704246;2;0,000228;0;turtle
shopify_US_8862479417611_46014440177931;Luxurious Self-Warming Calming Blanket (BOGO), Brown / Small;5844;30;0,00513347022587269;32,965717;2;0,000122163766979;0;zombie
shopify_US_8296087159051_44497251074315;Original Pelsbarn Bed + FREE calming blanket, M/L / Dark grey;2988;18;0,00602409638554217;65,295677;1;0,0000752949;0;zombie
shopify_US_8308780597515_44525880344843;Pelsbarn Hair Remover;1467;7;0,00477164280845262;3,21507;0;0;0;turtle
shopify_DE_8511722488072_45418329637128;Bezug für Pelsbarn Autositz *nur der Bezug* Anthrazit / S;585;4;0,00683760683760684;3,258633;0;0;0;turtle
shopify_NL_7371011260607_42264447680703;Halsband met led lamp voor veilige avondwandelingen, Geel / S;21439;11;0,000513083632632119;8,04661;0;0;0;turtle
shopify_US_8260917854475_44411452162315;Pelsbarn Cooling Car Bed, M / Light Blue;5249;21;0,00400076204991427;68,025386;5;0,000483289508383;0;zombie
shopify_US_8352688439563_44646691930379;Orthopedic Comfort Bed for joint support, XL / Beige;4646;31;0,00667240637107189;129,169437;3,333333;0,000308803554889;0;zombie
shopify_US_8862479417611_55074666119551;Luxurious Self-Warming Calming Blanket (BOGO), Brown / Medium;2896;33;0,0113950276243094;45,916661;2;0,000154982227061;0;zombie
shopify_DE_8511722488072_45418319806728;Bezug für Pelsbarn Autositz *nur der Bezug* Schwarz / M;265;4;0,0150943396226415;6,87;0;0;0;turtle
shopify_US_8342826287371_44614355878155;Pelsbarn Dog Raincoat, Blue / XL;9;0;0;0;0;0;0;bird
shopify_NL_7367796719807_46502986416459;Pelsbarn harnas wandel set (inclusief riem en poepzakjes drager), Bruin / S;11328;60;0,00529661016949153;67,996251;0;0;0;zombie
shopify_NL_7371011260607_42264447713471;Halsband met led lamp voor veilige avondwandelingen, Geel / M;523;1;0,00191204588910134;0,42;0;0;0;turtle
shopify_US_8352688439563_44646691766539;Orthopedic Comfort Bed for joint support, M / Poseidon;937;7;0,00747065101387407;11,2;0;0;0;turtle
shopify_DE_9412078895368_49801868869896;Dog Mom Kappe (One Size);408;4;0,00980392156862745;3,575177;0;0;0;turtle
shopify_US_8259530850571_44403721470219;Safety Life Jacket, XL / Pink;17;0;0;0;0;0;0;bird
shopify_US_8301818577163_44510806245643;Peace Love Dogs T-Shirt, Yellow / Medium;25;2;0,08;1,28;2;0,000055295185142;0;turtle
shopify_US_8259530850571_44403721371915;Safety Life Jacket, S / Pink;48;0;0;0;0;0;0;bird
shopify_US_8355661152523_44658210701579;Rotatable Catnip Ball, Gold;623;1;0,00160513643659711;1,1;0;0;0;turtle
shopify_US_8897655406859_46130727125259;Original Pelsbarn Calming Bed, Light Grey / M/L;2614;19;0,00726855394032135;63,75;2;0,000307318226307;0;zombie
shopify_US_8363905483019_44686280851723;Pelsbarn Matching Hoodie, M / S;113;2;0,0176991150442478;1,14;0;0;0;turtle
shopify_US_8363905483019_44686281310475;Pelsbarn Matching Hoodie, M / L;11;0;0;0;0;0;0;bird
shopify_US_8453086413067_44948623327499;Orthopedic Calming Dog Bed, M / Poseidon;54;0;0;0;0;0;0;bird
shopify_US_8342826287371_44614355681547;Pelsbarn Dog Raincoat, Yellow / L;16;0;0;0;0;0;0;bird
shopify_US_8355661152523_44658210603275;Rotatable Catnip Ball, Pink;245;2;0,00816326530612245;0,53;0;0;0;turtle
shopify_US_8297134948619_44603556626699;Orthopedic Calming Dog Bed, S / Poseidon;464;1;0,0021551724137931;1,88;0;0;0;turtle
shopify_US_8342826287371_44614356009227;Pelsbarn Dog Raincoat, Blue / 2XL;216;0;0;0;0;0;0;bird
shopify_US_8352688439563_44646692028683;Orthopedic Comfort Bed for joint support, XL / Poseidon;1280;11;0,00859375;36,443737;0;0;0;zombie
shopify_US_8332545753355_44587341644043;PurrEase Self-Grooming Brush, Large / Grey;33;1;0,0303030303030303;0,3;0;0;0;turtle
shopify_US_8263720632587_44413473685771;Cactus Bed, Large / Green;3048;17;0,00557742782152231;21,480767;0;0;0;turtle
shopify_US_8363905483019_44686281507083;Pelsbarn Matching Hoodie, 5XL / L;8;0;0;0;0;0;0;bird
shopify_US_8306166399243_44520301166859;Cozy Plush Pelsbarn Cover, Beige / One Seat Set;228;0;0;0;0;0;0;bird
shopify_US_8262422429963_44410728251659;Pelsbarn Cooling Bed (4x more effective), M/L / Beige;1510;5;0,0033112582781457;12,845289;0;0;0;turtle
shopify_US_8363905483019_44686280589579;Pelsbarn Matching Hoodie, S / S;12;0;0;0;0;0;0;bird
shopify_US_8315251491083_44543249088779;Pawfect Moments: A Forever Bond Pawprint Kit, Small / Green;39;0;0;0;0;0;0;bird
shopify_DE_9554046484744_50347219747080;Luxuriöses Cozy Pelsbarn Sofabett + Luxuriöse Cozy Decke (Bundle) XS/S / Grau;179;0;0;0;0;0;0;bird
shopify_DE_9554046484744_50347219747080;Luxuriöses Cozy Pelsbarn Sofabett + Luxuriöse Cozy Decke - Beige (Bundle) XS/S / Grau;205;1;0,0048780487804878;0,503666;0;0;0;turtle
shopify_US_8252509847819_44388964368651;Luxurious Dog Car Bed, Light grey / Single Seat;256;0;0;0,034394;0;0;0;turtle
shopify_DE_9467759755528_49993970221320;NEU: Luxuriöses Cozy Pelsbarn Sofabett XS/S / Grau;4922;29;0,00589191385615603;84,262698;1,5;0,0001035;0;zombie
shopify_US_8327098106123_44572069888267;Heavy-Duty Tactical Dog Collar, Large / Khaki;130;3;0,0230769230769231;1,04;0;0;0;turtle
shopify_US_8301818577163_44510806343947;Peace Love Dogs T-Shirt, Pink / Large;190;1;0,00526315789473684;1,33;0;0;0;turtle
shopify_US_8296087159051_44497250812171;Original Pelsbarn Bed + FREE calming blanket, XXS / Dark grey;2692;12;0,00445765230312036;29,291398;0;0;0;turtle
shopify_US_8182314139915_44217911247115;Original Pelsbarn Calming Bed, Poseidon / M/L;1366;11;0,00805270863836018;63,500797;1,5;0,000340351398204;0;zombie
shopify_NL_8519852032331_46659356262731;Pelsbarn Anti-Haren Bal, Wit / 3 Stuks;2861;5;0,00174764068507515;20,23;0;0;0;turtle
shopify_US_8301818577163_44510806311179;Peace Love Dogs T-Shirt, Grey / Large;109;0;0;0;0;0;0;bird
shopify_NL_7367796719807_46502986121547;Pelsbarn harnas wandel set (inclusief riem en poepzakjes drager), Zwart / S;6657;45;0,0067598017124831;60,949765;2;0,000198;0;zombie
shopify_US_8363905483019_44686281703691;Pelsbarn Matching Hoodie, 4XL / XL;4;1;0,25;0,85;0;0;0;turtle
shopify_US_8259530850571_44403721634059;Safety Life Jacket, S / Green;18;0;0;0;0;0;0;bird
dog-blanket-lightgrey;Pelsbarn Beroligende Teppet, Light grey By Pelsbarn;421;1;0,00237529691211401;1,64;0;0;0;turtle
shopify_US_8182119235851_54886255821183;Dog Safety Seat Belt with Elastic Bungee Buffer, Gray;547;4;0,00731261425959781;2,448888;0;0;0;turtle
shopify_US_8182119235851_54886255821183;Dog Safety Seat Belt with Elastic Bungee Buffer, dog-safety-belt-gray;890;0;0;0,040758;0;0;0;turtle
shopify_US_8182314139915_44217911116043;Original Pelsbarn Calming Bed, Poseidon / XS/S;1290;9;0,00697674418604651;36,54;0;0;0;zombie
shopify_DE_9407835209992_49779661766920;Pelsbarn Faltbare Wasserflasche Beige;679;1;0,00147275405007364;0,33;0;0;0;turtle
shopify_US_8306166399243_44552052244747;Cozy Plush Pelsbarn Cover, Grey / 35*70in;552;8;0,0144927536231884;13,68;2;0,000537698007247;0;turtle
shopify_US_8898795077899_46136366989579;Pelsbarn No-Pull Harness Walk Kit, S / Beige;774;7;0,00904392764857881;6,12;0;0;0;turtle
shopify_US_8305506779403_44518390792459;Pelsbarn Cooling Down Mat, XS / light blue;546;2;0,00366300366300366;1,69;0;0;0;turtle
shopify_US_8301843808523_44510869389579;Never Walk Alone T-Shirt, Blue / Small;2;0;0;0;0;0;0;bird
shopify_DE_9474209284360_50025389457672;NEU: Pelsbarn Rücksitzschutz Beige / Einheitsgröße;19329;141;0,00729473847586528;316,959648;6,916667;0,000987433384;0;zombie
shopify_US_8898795077899_46136367251723;Pelsbarn No-Pull Harness Walk Kit, L / Beige;144;0;0;0;0;0;0;bird
shopify_NL_8649580347723_47032497635659;'Ik-Blijf-Bij-je' Knuffel (nieuw);19166;226;0,0117917144944172;182,864085;9,290561;0,001076979020856;0;zombie
shopify_NL_7367796719807_46658215149899;Pelsbarn harnas wandel set (inclusief riem en poepzakjes drager), Zwart / XL;4042;32;0,00791687283523008;34,294392;0;0;0;zombie
shopify_NL_7371011260607_42264452890815;Halsband met led lamp voor veilige avondwandelingen, Zwart / XS;533;6;0,0112570356472795;7,217212;0;0;0;turtle
shopify_US_8897657995531_46130738626827;Orthopedic Calming Dog Bed, XL / Beige;718;1;0,00139275766016713;3,02;0;0;0;turtle
shopify_US_8367956230411_45036300042507;Calming Relief Blanket, Light grey / One Size;2497;13;0,0052062474969964;23,224636;0;0;0;turtle
shopify_NL_8519852032331_46659426025803;Pelsbarn Anti-Haren Bal, Rood / 3 Stuks;6991;47;0,00672292948076098;61,686663;1;0,000088999999082;0;zombie
shopify_US_8363905483019_44686281113867;Pelsbarn Matching Hoodie, L / M;15;0;0;0;0;0;0;bird
shopify_DE_8515625910536_45432248205576;Bezug für Pelsbarn Beruhigungsbett *nur der Bezug* Hellgrau / XXL;101;2;0,0198019801980198;4,98;0;0;0;turtle
shopify_DE_8511722488072_45418319937800;Bezug für Pelsbarn Autositz *nur der Bezug* Beige / XL;856;1;0,00116822429906542;1,64;0;0;0;turtle
shopify_US_8220183363851_44311273439499;Extra Safety Net Barrier (drive distraction-free);3855;25;0,00648508430609598;14,858815;3;0,000145975674309;0;turtle
shopify_US_8259530850571_44403718717707;Safety Life Jacket, XS / Pink;23;0;0;0;0;0;0;bird
shopify_DE_8515625910536_45427899826440;Bezug für Pelsbarn Beruhigungsbett *nur der Bezug* Schwarz / M/L;12;0;0;0;0;0;0;bird
shopify_DE_9554046484744_50347219812616;Luxuriöses Cozy Pelsbarn Sofabett + Luxuriöse Cozy Decke - Beige (Bundle) M/L / Braun;3966;10;0,00252143217347453;20,946177;0;0;0;turtle
shopify_DE_9554046484744_50347219812616;Luxuriöses Cozy Pelsbarn Sofabett + Luxuriöse Cozy Decke (Bundle) M/L / Braun;7693;18;0,00233978941895229;28,52582;2,990877;0,000242833668;0;turtle
shopify_DE_8327134544136_44735411880200;Pelsbarn Autositz Anthrazit / S;81026;824;0,0101695751980846;1169,265402;34,256531;0,002680842636998;0;zombie
shopify_NL_7371011260607_42264452923583;Halsband met led lamp voor veilige avondwandelingen, Zwart / S;23153;17;0,000734246102017017;11,629333;0;0;0;turtle
shopify_US_8342826287371_44614356140299;Pelsbarn Dog Raincoat, Blue / 3XL;413;4;0,00968523002421308;6,669845;0;0;0;turtle
shopify_US_8254706090251_44393867280651;Ultimate All-In-One Dog Fanny Pack;793;9;0,0113493064312736;3,123492;0;0;0;turtle
shopify_DE_8327134544136_44735412011272;Pelsbarn Autositz Beige / S;18077;256;0,0141616418653538;274,580407;4,494374;0,000437639936;0;zombie
shopify_US_8898795077899_46136366792971;Pelsbarn No-Pull Harness Walk Kit, XS / Violet;80;1;0,0125;3,5;0;0;0;turtle
shopify_US_8898795077899_46136367153419;Pelsbarn No-Pull Harness Walk Kit, L / Brown;284;1;0,00352112676056338;0,314358;0;0;0;turtle
shopify_US_8897655406859_46130727190795;Original Pelsbarn Calming Bed, Brown-Beige / XXS;6136;37;0,00602998696219035;59,93117;0,333333;0,000034629173593;0;zombie
shopify_US_8363905483019_44686281277707;Pelsbarn Matching Hoodie, 5XL / M;5;0;0;0;0;0;0;bird
shopify_NL_8650111025483_47034354106699;Paw-dicure Beauty Case Set;16316;8;0,00049031625398382;11,38782;0;0;0;turtle
shopify_US_8342826287371_44614355648779;Pelsbarn Dog Raincoat, Pink / L;3;0;0;0;0;0;0;bird
dog-hair-remover-glove;Pelsbarn Hårfjerner hanske By Pelsbarn;1258;8;0,00635930047694754;5,883289;0;0;0;turtle
shopify_US_8258850947339_44401875976459;Pelsbarn Cooling Mat (4x more effective), XS / Light Blue;1434;17;0,0118549511854951;13,098294;0;0;0;turtle
shopify_US_8296087159051_44497251008779;Original Pelsbarn Bed + FREE calming blanket, M/L / Beige;3392;2;0,000589622641509434;15,23;0;0;0;turtle
shopify_US_8301843808523_44510869553419;Never Walk Alone T-Shirt, White / Large;2;0;0;0;0;0;0;bird
shopify_US_8038351700235_43727578595595;NEW Upgraded Calming Pelsbarn Bed, XS/S / Brown-Beige;17051;97;0,0056888159052255;260,410455;7,734978;0,000925069356785;0;zombie
shopify_US_8297134948619_44564812431627;Orthopedic Calming Dog Bed, L / Beige;655;4;0,00610687022900763;5,14;0;0;0;turtle
shopify_NL_7371011260607_42264453021887;Halsband met led lamp voor veilige avondwandelingen, Zwart / XL;407;3;0,00737100737100737;1,72;0;0;0;turtle
shopify_US_8262422429963_45642844930315;Pelsbarn Cooling Bed (4x more effective), XL / Light Blue;17003;146;0,0085867199905899;286,898599;9,413203;0,001271620300305;0;zombie
shopify_US_8259530850571_44403718750475;Safety Life Jacket, XS / Orange;25;0;0;0;0;0;0;bird
shopify_US_8095219876107_44528926523659;Pelsbarn Protecting Car Bed, Beige / M;26815;288;0,0107402573186649;558,395867;30,85486;0,003804470389466;0;zombie